Constant $\sigma$,$\sigma_L$ ($^\circ{}$),$\sigma_F$ ($J m^{-2}$),$\beta$ ($J m^{-2}$),$\sigma_\mathrm{in}$ ($J m^{-2}$)
no,7.39954855348129,0.0168894574636899,1.09127162865124,0.0321049580242947
yes,23.4786082968147,0.201021946101136,1.10438150087931,0.0001
